species,lon,lat,cell_records,date_min,date_max,common_name
Alopias vulpinus,-84,10,21,1974-10-08,2013-12-10,Thresher shark
Alopias vulpinus,-83,9,195,1974-04-22,2022-01-01,Thresher shark
Alopias vulpinus,-80,33,7709,1913-01-01,2020-02-09,Thresher shark
Alopias vulpinus,-75,37,28505,1913-10-01,2020-02-12,Thresher shark
Alopias vulpinus,-70,41,5935,1965-07-01,2021-10-14,Thresher shark
Carcharhinus leucas,-86,11,35,1966-04-07,2020-01-01,Bull shark
Carcharhinus leucas,-85,11,2,1976-03-17,1976-05-13,Bull shark
Carcharhinus leucas,-83,11,27,1968-05-30,2021-01-01,Bull shark
Carcharhinus leucas,147,-18,2333,2011-01-14,2015-01-06,Bull shark
Carcharhinus leucas,148,-19,844,1981-11-03,2014-12-31,Bull shark
Carcharhinus leucas,148,-18,5616,2011-08-19,2014-10-20,Bull shark
Carcharhinus leucas,150,-20,64,1982-05-27,2015-01-04,Bull shark
Carcharhinus leucas,151,-36,75,1913-01-01,2017-02-12,Bull shark
Carcharhinus leucas,151,-35,779,1976-07-26,2015-02-28,Bull shark
Carcharhinus leucas,151,-34,193,1976-07-26,2013-11-03,Bull shark
Carcharhinus leucas,152,-34,2275,1913-09-01,2016-10-19,Bull shark
Carcharhinus leucas,152,-33,43112,1975-11-18,2017-03-17,Bull shark
Carcharhinus leucas,152,-23,30704,1981-11-04,2015-12-27,Bull shark
Carcharhinus leucas,153,-32,547,1979-08-23,2016-09-07,Bull shark
Carcharhinus leucas,153,-31,34,1981-11-12,2014-01-03,Bull shark
Carcharhinus leucas,153,-24,45,1999-01-01,2014-05-10,Bull shark
Carcharhinus leucas,153,-23,2209,1982-01-20,2016-05-14,Bull shark
Carcharhinus leucas,154,-31,26,1976-07-25,2014-05-06,Bull shark
Carcharhinus leucas,154,-30,160,1913-08-01,2016-10-09,Bull shark
Carcharhinus leucas,154,-29,477,1913-08-01,2016-06-01,Bull shark
Carcharhinus leucas,154,-28,88,1981-11-05,2016-10-17,Bull shark
Carcharhinus leucas,154,-27,13772,1913-08-01,2015-09-11,Bull shark
Carcharhinus limbatus,-80,33,7709,1913-01-01,2020-02-09,Blacktip shark
Carcharhinus limbatus,-79,33,24659,1913-01-01,2020-02-09,Blacktip shark
Carcharhinus limbatus,-79,34,2880,1967-09-01,2020-02-08,Blacktip shark
Carcharhinus limbatus,-77,34,23914,1965-10-01,2020-02-04,Blacktip shark
Carcharhinus limbatus,-73,41,18495,1964-07-01,2025-05-27,Blacktip shark
Carcharhinus limbatus,-70,41,5935,1965-07-01,2021-10-14,Blacktip shark
Carcharhinus obscurus,-78,34,27561,1967-07-01,2020-02-08,Dusky shark
Carcharhinus obscurus,-70,41,5935,1965-07-01,2021-10-14,Dusky shark
Carcharhinus obscurus,-70,42,701,1967-05-06,2021-09-07,Dusky shark
Carcharhinus obscurus,113,-25,5,2008-04-17,2015-05-07,Dusky shark
Carcharhinus obscurus,113,-24,11,1987-08-25,2015-05-24,Dusky shark
Carcharhinus obscurus,114,-28,374,1959-04-21,2012-07-31,Dusky shark
Carcharhinus obscurus,114,-25,217,1972-09-03,2012-05-16,Dusky shark
Carcharhinus obscurus,114,-24,6,2012-05-27,2012-05-27,Dusky shark
Carcharhinus obscurus,114,-23,1825,1913-06-01,2016-12-06,Dusky shark
Carcharhinus obscurus,114,-22,1632,1913-05-01,2016-12-06,Dusky shark
Carcharhinus obscurus,114,-21,26912,1913-07-01,2016-12-03,Dusky shark
Carcharhinus obscurus,115,-34,1,2012-05-06,2012-05-06,Dusky shark
Carcharhinus obscurus,115,-31,7,1979-11-14,2012-07-26,Dusky shark
Carcharhinus obscurus,115,-21,116,1913-05-01,2015-08-29,Dusky shark
Carcharhinus obscurus,116,-34,11,1913-01-01,2013-04-24,Dusky shark
Carcharhinus obscurus,116,-32,272,1940-08-17,2015-03-06,Dusky shark
Carcharhinus obscurus,116,-20,94,1913-07-01,2014-10-29,Dusky shark
Carcharhinus obscurus,118,-35,18,1913-04-01,2012-04-09,Dusky shark
Carcharhinus obscurus,119,-34,7,1913-03-01,2013-05-16,Dusky shark
Carcharhinus obscurus,121,-19,46,1913-07-01,2019-08-13,Dusky shark
Carcharhinus obscurus,122,-18,558,1913-07-01,2013-08-02,Dusky shark
Carcharhinus obscurus,122,-17,6,1913-07-01,2013-07-17,Dusky shark
Carcharhinus obscurus,138,-34,2,2010-01-07,2012-02-19,Dusky shark
Carcharhinus obscurus,139,-34,290,1979-02-17,2014-02-17,Dusky shark
Carcharhinus obscurus,148,-38,288,1910-01-01,2015-08-16,Dusky shark
Carcharhinus obscurus,149,-43,113,1913-07-01,2016-03-18,Dusky shark
Carcharhinus obscurus,151,-36,75,1913-01-01,2017-02-12,Dusky shark
Carcharhinus obscurus,151,-34,136,1976-07-26,2013-11-03,Dusky shark
Carcharhinus obscurus,152,-34,2275,1913-09-01,2016-10-19,Dusky shark
Carcharhinus obscurus,152,-33,43102,1979-04-22,2017-03-17,Dusky shark
Carcharhinus obscurus,153,-32,547,1979-08-23,2016-09-07,Dusky shark
Carcharhinus obscurus,153,-23,2209,1982-01-20,2016-05-14,Dusky shark
Carcharhinus obscurus,154,-31,26,1976-07-25,2014-05-06,Dusky shark
Carcharhinus obscurus,154,-30,160,1913-08-01,2016-10-09,Dusky shark
Carcharhinus obscurus,154,-29,477,1913-08-01,2016-06-01,Dusky shark
Carcharhinus obscurus,154,-28,88,1981-11-05,2016-10-17,Dusky shark
Carcharhinus obscurus,154,-27,13772,1913-08-01,2015-09-11,Dusky shark
Carcharodon carcharias,-80,31,3210,1967-07-01,2018-04-03,White shark
Carcharodon carcharias,-80,32,2141,1913-01-01,2020-02-09,White shark
Carcharodon carcharias,-80,33,7709,1913-01-01,2020-02-09,White shark
Carcharodon carcharias,-79,33,24659,1913-01-01,2020-02-09,White shark
Carcharodon carcharias,-78,34,27561,1967-07-01,2020-02-08,White shark
Carcharodon carcharias,-77,34,23914,1965-10-01,2020-02-04,White shark
Carcharodon carcharias,-77,35,5259,1965-10-01,2020-02-03,White shark
Carcharodon carcharias,-76,35,9326,1965-08-01,2022-01-01,White shark
Carcharodon carcharias,-75,36,38975,1965-07-01,2020-02-02,White shark
Carcharodon carcharias,-75,37,28505,1913-10-01,2020-02-12,White shark
Carcharodon carcharias,-73,41,18495,1964-07-01,2025-05-27,White shark
Carcharodon carcharias,-70,41,5935,1965-07-01,2021-10-14,White shark
Carcharodon carcharias,114,-22,1632,1913-05-01,2016-12-06,White shark
Carcharodon carcharias,116,-32,272,1940-08-17,2015-03-06,White shark
Carcharodon carcharias,137,-35,6,1981-05-03,2011-12-07,White shark
Carcharodon carcharias,147,-39,759,1800-01-01,2015-12-16,White shark
Carcharodon carcharias,149,-43,113,1913-07-01,2016-03-18,White shark
Carcharodon carcharias,151,-36,75,1913-01-01,2017-02-12,White shark
Carcharodon carcharias,151,-34,136,1976-07-26,2013-11-03,White shark
Carcharodon carcharias,152,-34,2275,1913-09-01,2016-10-19,White shark
Carcharodon carcharias,152,-33,43102,1979-04-22,2017-03-17,White shark
Carcharodon carcharias,153,-32,547,1979-08-23,2016-09-07,White shark
Carcharodon carcharias,153,-31,33,1981-11-12,2014-01-03,White shark
Carcharodon carcharias,153,-23,2209,1982-01-20,2016-05-14,White shark
Carcharodon carcharias,154,-31,26,1976-07-25,2014-05-06,White shark
Carcharodon carcharias,154,-30,160,1913-08-01,2016-10-09,White shark
Carcharodon carcharias,154,-29,477,1913-08-01,2016-06-01,White shark
Carcharodon carcharias,154,-28,88,1981-11-05,2016-10-17,White shark
Carcharodon carcharias,169,-47,69,1913-04-01,2011-04-04,White shark
Cetorhinus maximus,-101,2,2,1913-04-01,2014-09-27,Basking shark
Cetorhinus maximus,-100,5,5,1913-01-01,2014-12-26,Basking shark
Cetorhinus maximus,-99,3,4,1913-03-01,2014-09-22,Basking shark
Cetorhinus maximus,-98,3,2,1913-06-01,2014-09-17,Basking shark
Cetorhinus maximus,-98,4,4,2014-08-31,2014-09-16,Basking shark
Cetorhinus maximus,-96,2,1,2014-08-22,2014-08-22,Basking shark
Cetorhinus maximus,-79,33,24659,1913-01-01,2020-02-09,Basking shark
Cetorhinus maximus,-79,34,2880,1967-09-01,2020-02-08,Basking shark
Cetorhinus maximus,-77,34,23914,1965-10-01,2020-02-04,Basking shark
Cetorhinus maximus,-77,35,5259,1965-10-01,2020-02-03,Basking shark
Cetorhinus maximus,-76,34,894,1966-04-01,2014-03-21,Basking shark
Cetorhinus maximus,-76,35,9326,1965-08-01,2022-01-01,Basking shark
Cetorhinus maximus,-75,36,38975,1965-07-01,2020-02-02,Basking shark
Cetorhinus maximus,-75,37,28505,1913-10-01,2020-02-12,Basking shark
Cetorhinus maximus,-75,38,11008,1965-06-01,2018-07-17,Basking shark
Cetorhinus maximus,-74,36,1535,1913-04-01,2017-08-22,Basking shark
Cetorhinus maximus,-74,37,1669,1913-04-01,2020-02-12,Basking shark
Cetorhinus maximus,-74,38,2038,1913-08-01,2017-07-18,Basking shark
Cetorhinus maximus,-74,39,4066,1963-07-01,2015-09-04,Basking shark
Cetorhinus maximus,-73,38,279,1913-08-01,2015-03-27,Basking shark
Cetorhinus maximus,-73,39,725,1913-05-01,2015-08-17,Basking shark
Cetorhinus maximus,-73,40,3107,1963-07-01,2014-09-29,Basking shark
Cetorhinus maximus,-73,41,18495,1964-07-01,2025-05-27,Basking shark
Cetorhinus maximus,-72,40,340,1913-06-01,2013-08-08,Basking shark
Cetorhinus maximus,-72,41,374,1960-06-08,2014-07-09,Basking shark
Cetorhinus maximus,-71,39,86,1913-05-01,2015-03-31,Basking shark
Cetorhinus maximus,-71,40,117,1913-05-01,1981-10-15,Basking shark
Cetorhinus maximus,-71,41,279,1958-07-01,1982-01-19,Basking shark
Cetorhinus maximus,-70,38,60,1913-05-01,2015-04-04,Basking shark
Cetorhinus maximus,-70,40,113,1913-07-01,1981-10-05,Basking shark
Cetorhinus maximus,-70,41,5935,1965-07-01,2021-10-14,Basking shark
Cetorhinus maximus,-70,42,701,1967-05-06,2021-09-07,Basking shark
Cetorhinus maximus,-70,43,2621,1964-04-01,2011-08-07,Basking shark
Cetorhinus maximus,-70,44,697,1966-09-18,2001-05-29,Basking shark
Cetorhinus maximus,-69,40,146,1913-04-01,2022-08-15,Basking shark
Cetorhinus maximus,-69,41,344,1913-07-01,1981-12-04,Basking shark
Cetorhinus maximus,-69,42,1248,1966-07-01,2016-10-05,Basking shark
Cetorhinus maximus,-69,43,149,1975-09-14,2011-08-07,Basking shark
Cetorhinus maximus,-69,44,1417,1968-05-21,2022-08-15,Basking shark
Cetorhinus maximus,-68,40,69,1913-05-01,1981-12-01,Basking shark
Cetorhinus maximus,-68,41,288,1968-08-04,2022-08-15,Basking shark
Cetorhinus maximus,-68,42,451,1974-06-08,1993-08-23,Basking shark
Cetorhinus maximus,-68,43,105,1974-06-08,1981-12-04,Basking shark
Cetorhinus maximus,-68,44,914,1975-04-18,2015-08-09,Basking shark
Cetorhinus maximus,-67,41,272,1913-05-01,1981-08-14,Basking shark
Cetorhinus maximus,-67,42,88,1978-09-06,2010-08-06,Basking shark
Cetorhinus maximus,-67,43,104,1974-06-08,1992-08-23,Basking shark
Cetorhinus maximus,-67,44,263,1972-09-15,1980-09-07,Basking shark
Cetorhinus maximus,-67,45,1714,1974-07-27,2015-10-17,Basking shark
Cetorhinus maximus,-66,41,118,1913-05-01,2012-09-21,Basking shark
Cetorhinus maximus,-66,42,117,1968-08-21,2011-08-15,Basking shark
Cetorhinus maximus,-65,42,60,1968-08-05,1981-07-26,Basking shark
Cetorhinus maximus,-65,43,54,1968-08-20,1993-08-09,Basking shark
Galeocerdo cuvier,-176,28,1,2003-08-02,2003-08-02,Tiger shark
Galeocerdo cuvier,-84,10,21,1974-10-08,2013-12-10,Tiger shark
Galeocerdo cuvier,-80,16,71,2002-01-01,2017-09-27,Tiger shark
Galeocerdo cuvier,-80,33,7709,1913-01-01,2020-02-09,Tiger shark
Galeocerdo cuvier,-77,34,23914,1965-10-01,2020-02-04,Tiger shark
Galeocerdo cuvier,-75,36,38975,1965-07-01,2020-02-02,Tiger shark
Galeocerdo cuvier,-75,37,28505,1913-10-01,2020-02-12,Tiger shark
Galeocerdo cuvier,-73,41,18495,1964-07-01,2025-05-27,Tiger shark
Galeocerdo cuvier,-70,41,5935,1965-07-01,2021-10-14,Tiger shark
Galeocerdo cuvier,114,-23,1825,1913-06-01,2016-12-06,Tiger shark
Galeocerdo cuvier,114,-22,1640,1913-05-01,2016-12-06,Tiger shark
Galeocerdo cuvier,114,-21,26912,1913-07-01,2016-12-03,Tiger shark
Galeocerdo cuvier,115,-21,116,1913-05-01,2015-08-29,Tiger shark
Galeocerdo cuvier,116,-20,94,1913-07-01,2014-10-29,Tiger shark
Galeocerdo cuvier,117,-20,36,1913-07-01,2015-09-12,Tiger shark
Galeocerdo cuvier,120,-17,25,1913-07-01,2016-01-11,Tiger shark
Galeocerdo cuvier,146,18,3,1913-02-01,2017-06-04,Tiger shark
Galeocerdo cuvier,147,-18,2333,2011-01-14,2015-01-06,Tiger shark
Galeocerdo cuvier,148,-18,5616,2011-08-19,2014-10-20,Tiger shark
Galeocerdo cuvier,152,-23,30704,1981-11-04,2015-12-27,Tiger shark
Galeocerdo cuvier,153,-24,45,1999-01-01,2014-05-10,Tiger shark
Galeocerdo cuvier,153,-23,2209,1982-01-20,2016-05-14,Tiger shark
Galeocerdo cuvier,156,-19,1,2010-08-12,2010-08-12,Tiger shark
Galeorhinus galeus,-97,22,60,2004-01-01,2014-08-09,Tope
Galeorhinus galeus,17,43,140,1948-05-15,2013-08-19,Tope
Galeorhinus galeus,17,44,15,1948-08-03,1964-09-18,Tope
Galeorhinus galeus,18,43,321,1948-05-24,2013-09-12,Tope
Galeorhinus galeus,19,42,337,1948-05-27,2014-01-02,Tope
Galeorhinus galeus,20,41,381,1948-06-04,2016-01-01,Tope
Galeorhinus galeus,20,42,749,1948-06-11,2016-01-01,Tope
Galeorhinus galeus,114,-23,1825,1913-06-01,2016-12-06,Tope
Galeorhinus galeus,142,-12,790,2007-11-16,2014-08-11,Tope
Galeorhinus galeus,146,-38,7167,1884-11-22,2015-12-18,Tope
Galeorhinus galeus,148,-43,139,1913-11-01,2015-01-07,Tope
Galeorhinus galeus,148,-18,5616,2011-08-19,2014-10-20,Tope
Galeorhinus galeus,149,-43,113,1913-07-01,2016-03-18,Tope
Galeorhinus galeus,149,-41,34,1975-11-15,2014-10-31,Tope
Galeorhinus galeus,151,-36,75,1913-01-01,2017-02-12,Tope
Galeorhinus galeus,151,-35,779,1976-07-26,2015-02-28,Tope
Galeorhinus galeus,152,-33,43102,1979-04-22,2017-03-17,Tope
Galeorhinus galeus,154,-30,160,1913-08-01,2016-10-09,Tope
Galeorhinus galeus,154,-29,477,1913-08-01,2016-06-01,Tope
Galeorhinus galeus,154,-28,88,1981-11-05,2016-10-17,Tope
Galeorhinus galeus,154,-27,13772,1913-08-01,2015-09-11,Tope
Isurus oxyrinchus,-73,41,18495,1964-07-01,2025-05-27,Shortfin mako
Isurus oxyrinchus,-70,41,5935,1965-07-01,2021-10-14,Shortfin mako
Negaprion brevirostris,-83,13,5,1969-05-05,2016-05-28,Lemon shark
Negaprion brevirostris,-80,16,71,2002-01-01,2017-09-27,Lemon shark
Prionace glauca,-83,11,27,1968-05-30,2021-01-01,Blue shark
Prionace glauca,-79,33,24659,1913-01-01,2020-02-09,Blue shark
Prionace glauca,-78,34,27561,1967-07-01,2020-02-08,Blue shark
Prionace glauca,-75,37,28505,1913-10-01,2020-02-12,Blue shark
Prionace glauca,-75,38,11008,1965-06-01,2018-07-17,Blue shark
Prionace glauca,-74,37,1669,1913-04-01,2020-02-12,Blue shark
Prionace glauca,-74,38,2038,1913-08-01,2017-07-18,Blue shark
Prionace glauca,-74,39,4066,1963-07-01,2015-09-04,Blue shark
Prionace glauca,-73,38,279,1913-08-01,2015-03-27,Blue shark
Prionace glauca,-73,39,725,1913-05-01,2015-08-17,Blue shark
Prionace glauca,-73,41,18495,1964-07-01,2025-05-27,Blue shark
Prionace glauca,-72,39,217,1913-05-01,2015-03-30,Blue shark
Prionace glauca,-72,40,340,1913-06-01,2013-08-08,Blue shark
Prionace glauca,-72,41,374,1960-06-08,2014-07-09,Blue shark
Prionace glauca,-71,39,86,1913-05-01,2015-03-31,Blue shark
Prionace glauca,-71,41,279,1958-07-01,1982-01-19,Blue shark
Prionace glauca,-70,40,113,1913-07-01,1981-10-05,Blue shark
Prionace glauca,-70,41,5935,1965-07-01,2021-10-14,Blue shark
Prionace glauca,-70,42,701,1967-05-06,2021-09-07,Blue shark
Prionace glauca,-69,40,146,1913-04-01,2022-08-15,Blue shark
Prionace glauca,-69,41,344,1913-07-01,1981-12-04,Blue shark
Prionace glauca,-69,42,1248,1966-07-01,2016-10-05,Blue shark
Prionace glauca,-69,43,149,1975-09-14,2011-08-07,Blue shark
Prionace glauca,-69,44,1417,1968-05-21,2022-08-15,Blue shark
Prionace glauca,-68,40,69,1913-05-01,1981-12-01,Blue shark
Prionace glauca,-68,41,288,1968-08-04,2022-08-15,Blue shark
Prionace glauca,-68,42,451,1974-06-08,1993-08-23,Blue shark
Prionace glauca,-68,43,105,1974-06-08,1981-12-04,Blue shark
Prionace glauca,-68,44,914,1975-04-18,2015-08-09,Blue shark
Prionace glauca,-67,40,44,1913-05-01,2012-09-14,Blue shark
Prionace glauca,-67,41,272,1913-05-01,1981-08-14,Blue shark
Prionace glauca,-67,42,88,1978-09-06,2010-08-06,Blue shark
Prionace glauca,-67,43,104,1974-06-08,1992-08-23,Blue shark
Prionace glauca,-67,44,263,1972-09-15,1980-09-07,Blue shark
Prionace glauca,-66,40,34,1913-04-01,2012-09-21,Blue shark
Prionace glauca,-66,41,118,1913-05-01,2012-09-21,Blue shark
Prionace glauca,-66,42,117,1968-08-21,2011-08-15,Blue shark
Prionace glauca,-66,43,105,1969-08-21,1993-08-09,Blue shark
Prionace glauca,-65,42,60,1968-08-05,1981-07-26,Blue shark
Prionace glauca,-65,43,54,1968-08-20,1993-08-09,Blue shark
Prionace glauca,-65,44,12,1974-09-03,2000-07-02,Blue shark
Prionace glauca,-64,43,20,1968-07-31,1998-07-28,Blue shark
Rhincodon typus,-80,31,3210,1967-07-01,2018-04-03,Whale shark
Rhincodon typus,-79,31,163,1913-06-01,2017-11-08,Whale shark
Rhincodon typus,-78,34,27561,1967-07-01,2020-02-08,Whale shark
Rhincodon typus,-77,34,23914,1965-10-01,2020-02-04,Whale shark
Rhincodon typus,-74,37,1669,1913-04-01,2020-02-12,Whale shark
Rhincodon typus,-74,38,2038,1913-08-01,2017-07-18,Whale shark
Rhincodon typus,-70,41,5935,1965-07-01,2021-10-14,Whale shark
Rhincodon typus,114,-23,1825,1913-06-01,2016-12-06,Whale shark
Rhincodon typus,114,-22,1632,1913-05-01,2016-12-06,Whale shark
Rhincodon typus,114,-21,26912,1913-07-01,2016-12-03,Whale shark
Rhincodon typus,142,-12,790,2007-11-16,2014-08-11,Whale shark
Sphyrna lewini,-80,32,2141,1913-01-01,2020-02-09,Scalloped hammerhead
Sphyrna lewini,-80,33,7709,1913-01-01,2020-02-09,Scalloped hammerhead
Sphyrna lewini,-79,33,24659,1913-01-01,2020-02-09,Scalloped hammerhead
Sphyrna lewini,-79,34,2880,1967-09-01,2020-02-08,Scalloped hammerhead
Sphyrna lewini,-78,34,27561,1967-07-01,2020-02-08,Scalloped hammerhead
Sphyrna lewini,-77,34,23914,1965-10-01,2020-02-04,Scalloped hammerhead
Sphyrna lewini,-76,35,9326,1965-08-01,2022-01-01,Scalloped hammerhead
Sphyrna lewini,-75,35,1360,1913-06-01,2020-02-02,Scalloped hammerhead
Sphyrna lewini,-75,36,38975,1965-07-01,2020-02-02,Scalloped hammerhead
Sphyrna lewini,-73,41,18495,1964-07-01,2025-05-27,Scalloped hammerhead
Sphyrna lewini,-70,41,5935,1965-07-01,2021-10-14,Scalloped hammerhead
Sphyrna mokarran,-97,22,60,2004-01-01,2014-08-09,Great hammerhead
Sphyrna mokarran,-81,13,63,1913-04-01,2018-10-11,Great hammerhead
Sphyrna mokarran,-80,16,71,2002-01-01,2017-09-27,Great hammerhead
Sphyrna mokarran,-80,32,2141,1913-01-01,2020-02-09,Great hammerhead
Sphyrna mokarran,-80,33,7709,1913-01-01,2020-02-09,Great hammerhead
Sphyrna mokarran,-79,33,24659,1913-01-01,2020-02-09,Great hammerhead
Sphyrna mokarran,-78,34,27561,1967-07-01,2020-02-08,Great hammerhead
Sphyrna mokarran,-77,34,23914,1965-10-01,2020-02-04,Great hammerhead
Sphyrna mokarran,-76,35,9326,1965-08-01,2022-01-01,Great hammerhead
Sphyrna mokarran,-75,36,38975,1965-07-01,2020-02-02,Great hammerhead
Sphyrna mokarran,-70,41,5935,1965-07-01,2021-10-14,Great hammerhead
Sphyrna mokarran,114,-22,8,2015-08-30,2015-09-01,Great hammerhead
Sphyrna mokarran,116,-20,94,1913-07-01,2014-10-29,Great hammerhead
Sphyrna mokarran,117,-20,36,1913-07-01,2015-09-12,Great hammerhead
Sphyrna mokarran,147,-19,31,2010-06-17,2015-01-02,Great hammerhead
Sphyrna mokarran,147,-18,2333,2011-01-14,2015-01-06,Great hammerhead
Sphyrna mokarran,148,-19,844,1981-11-03,2014-12-31,Great hammerhead
Sphyrna mokarran,148,-18,5616,2011-08-19,2014-10-20,Great hammerhead
Sphyrna mokarran,152,-23,30704,1981-11-04,2015-12-27,Great hammerhead
Sphyrna mokarran,153,-23,2209,1982-01-20,2016-05-14,Great hammerhead
Sphyrna zygaena,-83,11,27,1968-05-30,2021-01-01,Smooth hammerhead
Sphyrna zygaena,-80,32,2141,1913-01-01,2020-02-09,Smooth hammerhead
Sphyrna zygaena,-80,33,7709,1913-01-01,2020-02-09,Smooth hammerhead
Sphyrna zygaena,-79,33,24659,1913-01-01,2020-02-09,Smooth hammerhead
Sphyrna zygaena,-78,34,27561,1967-07-01,2020-02-08,Smooth hammerhead
Sphyrna zygaena,-77,34,23914,1965-10-01,2020-02-04,Smooth hammerhead
Sphyrna zygaena,-76,35,9326,1965-08-01,2022-01-01,Smooth hammerhead
Sphyrna zygaena,-75,36,38975,1965-07-01,2020-02-02,Smooth hammerhead
Sphyrna zygaena,-75,37,28505,1913-10-01,2020-02-12,Smooth hammerhead
Sphyrna zygaena,-75,38,11008,1965-06-01,2018-07-17,Smooth hammerhead
Sphyrna zygaena,-74,38,2038,1913-08-01,2017-07-18,Smooth hammerhead
Sphyrna zygaena,-74,39,4066,1963-07-01,2015-09-04,Smooth hammerhead
Sphyrna zygaena,-70,41,5935,1965-07-01,2021-10-14,Smooth hammerhead
Squalus acanthias,-80,32,2141,1913-01-01,2020-02-09,Spiny dogfish
Squalus acanthias,-80,33,7709,1913-01-01,2020-02-09,Spiny dogfish
Squalus acanthias,-79,32,49,1913-01-01,2020-02-09,Spiny dogfish
Squalus acanthias,-79,33,24659,1913-01-01,2020-02-09,Spiny dogfish
Squalus acanthias,-79,34,2880,1967-09-01,2020-02-08,Spiny dogfish
Squalus acanthias,-78,33,914,1968-04-01,2020-02-03,Spiny dogfish
Squalus acanthias,-78,34,27561,1967-07-01,2020-02-08,Spiny dogfish
Squalus acanthias,-77,34,23914,1965-10-01,2020-02-04,Spiny dogfish
Squalus acanthias,-77,35,5259,1965-10-01,2020-02-03,Spiny dogfish
Squalus acanthias,-76,35,9326,1965-08-01,2022-01-01,Spiny dogfish
Squalus acanthias,-75,35,1360,1913-06-01,2020-02-02,Spiny dogfish
Squalus acanthias,-75,36,38975,1965-07-01,2020-02-02,Spiny dogfish
Squalus acanthias,-75,37,28505,1913-10-01,2020-02-12,Spiny dogfish
Squalus acanthias,-70,41,5935,1965-07-01,2021-10-14,Spiny dogfish
