iso3,name,region,lat,lon,g1_2005,g1_2006,g1_2007,g1_2008,g1_2009,g1_2010,g1_2011,g1_2012,g1_2013,g1_2014,g1_2015,g1_2016,g1_2017,g1_2018,g1_2019,g1_2020,g1_2021,g1_2022,g1_2023,g1_2024,g1_2025,g1_2026
AFG,Afghanistan,Asia and Pacific,33.93911,67.709953,,,,,,,,,,,,,0.08,,0.15,,,,,,,
ALB,Albania,Europe,41.153332,20.168331,,,,,,,,,,,,,,0.57,,,,0.5,0.5,0.53,,
DZA,Algeria,Arab States,28.033886,1.659626,,,,,,,,,,,,,,,,,,,0.7,,,
AND,Andorra,Europe,42.546245,1.601554,,,,,,,,,,,,,,,,,,,,0.2,0.2,
AGO,Angola,Africa,-11.202692,17.873887,,,,,,,,,,,,,0.41,0.37,,,,,,,,
ATG,Antigua and Barbuda,Americas,17.060816,-61.796428,,,,,,,,,,,,,,,,,,,,,,
ARG,Argentina,Americas,-38.416097,-63.616672,,,,,,,,,,,,,,,,,,,,,,
ARM,Armenia,Europe,40.069099,45.038189,,,,,,,,,,,,,,,0.69,0.24,0.72,0.59,0.61,0.61,0.78,
AUS,Australia,Asia and Pacific,-25.274398,133.775136,,,,,,,,,,,0.0,0.0,0.0,0.24,0.24,0.25,0.23,0.18,0.25,0.25,0.25,
AUT,Austria,Europe,47.516231,14.550072,,,,,,,,,,,,,,,,,,,,,,
AZE,Azerbaijan,Europe,40.143105,47.576927,,,,,,,,,,,,,,,,,,,,,,
BHS,Bahamas (the),Americas,25.03428,-77.39628,,,,,,,,,,,,,,,,,,,,,,
BHR,Bahrain,Arab States,25.930414,50.637772,,,,,,,,,,,,,,,,,,,0.6,0.6,,
BGD,Bangladesh,Asia and Pacific,23.684994,90.356331,0.0,0.0,0.0,0.0,0.0,0.0,0.03,,,,,,,0.0,0.0,0.13,,,,,,
BRB,Barbados,Americas,13.193887,-59.543198,,,,,,,,,,,,,,,,0.45,0.45,0.38,0.0,0.7,0.7,
BLR,Belarus,Europe,53.709807,27.953389,,,,,,,,,,,,0.38,0.43,0.43,0.43,0.2,0.18,0.25,0.25,0.5,,
BEL,Belgium,Europe,50.503887,4.469936,,,,,,,,,,,,,,,,,,,,0.2,0.2,
BLZ,Belize,Americas,17.189877,-88.49765,,,,,,,,,,,,,,,,,,,,,,
BEN,Benin,Africa,9.30769,2.315834,,,,,,,,,,,,,,,,,,,,,,
BTN,Bhutan,Asia and Pacific,27.514162,90.433601,,,,,,,,,,,,,0.29,0.2,,,,,,,,
BOL,Bolivia (Plurinational State of),Americas,-16.290154,-63.588653,,,,,,,,,,,,,,,,,,,,,,
BIH,Bosnia and Herzegovina,Europe,43.915886,17.679076,,,,,,,,,,,,,,,,,,,,,,
BWA,Botswana,Africa,-22.328474,24.684866,,,,,,,,,,,,,,0.83,,,,,0.19,0.24,,
BRA,Brazil,Americas,-14.235004,-51.92528,,,,,,,,,,,,,,,,,,,,0.18,,
BRN,Brunei Darussalam,Asia and Pacific,4.535277,114.727669,,,,,,,,,,,,,,,,,,,,,,
BGR,Bulgaria,Europe,42.733883,25.48583,0.0,0.0,0.0,0.0,0.0,0.0,0.0,0.0,0.0,0.0,0.5,0.5,0.5,0.5,0.25,0.25,0.25,0.18,0.82,0.83,,
BFA,Burkina Faso,Africa,12.238333,-1.561593,,,,,,,,,,,,,,,,,,,,,,
BDI,Burundi,Africa,-3.373056,29.918886,,,,,,,,,,,,,,,,,,,,0.2,0.23,
CPV,Cabo Verde,Africa,16.002082,-24.013197,,,,,,,,,,,,,,,,,,,,,0.41,
KHM,Cambodia,Asia and Pacific,12.565679,104.990963,,,,,,,,,,,,,,,,,0.56,0.56,,,,
CMR,Cameroon,Africa,7.369722,12.354722,,,,,,,,,,,,,,,,0.6,0.63,0.63,0.63,,,
CAN,Canada,Americas,56.130366,-106.346771,,,,,,,,,,,,,,,1.0,1.0,1.0,1.0,1.0,1.0,1.0,
CAF,Central African Republic (the),Africa,6.611111,20.939444,,,,,,,,,,,,,,,,,,,,0.45,,
TCD,Chad,Africa,15.454166,18.732207,,,,,,,,,,,,,,,,,,,,,,
CHL,Chile,Americas,-35.675147,-71.542969,,,,,,,,,,,,,,,0.71,0.64,0.64,0.65,0.65,0.86,0.67,
CHN,China,Asia and Pacific,35.86166,104.195397,,,,,,,,,,,,,,,,,,,,,,
COL,Colombia,Americas,4.570868,-74.297333,0.05,0.05,0.05,0.05,0.05,0.05,0.05,0.05,0.05,0.05,0.05,0.16,0.13,0.13,0.0,0.25,0.53,0.46,0.46,0.49,0.39,
COM,Comoros (the),Arab States,-11.875001,43.872219,,,,,,,,,,,,,,,,,,,,,,
COG,Congo (the),Africa,-0.228021,15.827659,,,,,,,,,,,,,,,,,,,,0.0,,
CRI,Costa Rica,Americas,9.748917,-83.753428,0.58,0.58,0.58,0.58,0.58,0.65,0.64,0.65,0.65,0.65,0.73,0.73,0.64,0.7,0.76,0.78,0.76,0.62,0.56,0.53,0.52,
HRV,Croatia,Europe,45.1,15.2,0.58,0.61,0.61,0.38,0.41,0.41,0.46,0.46,0.47,0.47,0.79,0.33,0.54,0.54,0.54,0.54,0.54,0.54,0.54,0.54,,
CUB,Cuba,Americas,21.521757,-77.781167,,,,,,,,,,,,,,,,,,,,,,
CYP,Cyprus,Europe,35.126413,33.429859,,,,,,,,,,,,,,,,,,,,,,
CZE,Czech Republic (the),Europe,49.817492,15.472962,,,,,,,,,,,0.62,0.62,0.87,0.87,0.87,0.88,0.88,0.87,0.9,,,
CIV,Côte d'Ivoire,Africa,7.539989,-5.54708,,,,,,,,,,,,,,,,0.15,,0.23,,,,
PRK,Democratic People's Republic of Korea (the),Asia and Pacific,40.339852,127.510093,,,,,,,,,,,,,,,,,,,,,,
COD,Democratic Republic of the Congo (the),Africa,-4.038333,21.758664,,,,,,,,,,,,,,,,,,,,,0.08,
DNK,Denmark,Europe,56.26392,9.501785,,,,,,,,,,,,,,,,,,,,,,
DJI,Djibouti,Arab States,11.825138,42.590275,,,,,,,,,,,,,,,,,,,,,,
DMA,Dominica,Americas,15.414999,-61.370976,,,,,,,,,,,,,,,,,,,,,,
DOM,Dominican Republic (the),Americas,18.735693,-70.162651,,,,,,,,,,,,,,,,,,,,,,
ECU,Ecuador,Americas,-1.831239,-78.183406,,,,,,,,,,,,,0.24,0.24,0.24,0.22,0.24,0.24,0.26,0.26,,
EGY,Egypt,Arab States,26.820553,30.802498,0.25,0.25,0.25,,,,,,,,,,,,,0.29,0.42,0.2,0.41,0.45,0.45,
SLV,El Salvador,Americas,13.794185,-88.89653,,,,,,,,,,,,,,,,,,,,,,
GNQ,Equatorial Guinea,Africa,1.650801,10.267895,,,,,,,,,,,,,,,,,,,,,,
ERI,Eritrea,Africa,15.179384,39.782334,,,,,,,,,,,,,,,,,,,,,,
EST,Estonia,Europe,58.595272,25.013607,1.0,1.0,1.0,1.0,1.0,1.0,1.0,1.0,1.0,1.0,1.0,1.0,1.0,1.0,,,,,,1.0,1.0,
SWZ,Eswatini,Africa,-26.522503,31.465866,,,,,,,,,,,0.37,0.39,0.48,0.35,0.43,0.21,0.21,0.49,,,,
ETH,Ethiopia,Africa,9.145,40.489673,,,,,,,,,,,0.39,0.23,0.31,0.29,,,0.46,0.46,0.46,0.47,0.71,
FJI,Fiji,Asia and Pacific,-16.578193,179.414413,,,,,,,,,,,0.51,0.51,0.49,0.51,0.76,0.79,0.55,0.54,,,,
FIN,Finland,Europe,61.92411,25.748151,,,,,,,,,,,0.5,0.25,0.5,0.5,,,,,,,,
FRA,France,Europe,46.227638,2.213749,,,,,,,,,,,,0.99,0.99,0.99,0.72,0.82,0.67,0.68,0.68,,,
GAB,Gabon,Africa,-0.803689,11.609444,,,,,,,,,,,,,,,,,,,,,,
GMB,Gambia (the),Africa,13.443182,-15.310139,,,,,,,,,,,,,,,,,,,,,,
GEO,Georgia,Europe,42.315407,43.356892,,,,,,,,,,,0.2,0.2,0.2,0.2,0.25,0.2,0.2,0.13,0.0,0.13,0.13,
DEU,Germany,Europe,51.165691,10.451526,,,,,,,,,,,,,,,,,,,,,,
GHA,Ghana,Africa,7.946527,-1.023194,,,,,,,,,,,,,,,,0.64,0.7,0.41,0.39,0.41,0.41,0.41
GRC,Greece,Europe,39.074208,21.824312,,,,,,,,,,,,,,,,,,,,,,
GRD,Grenada,Americas,12.262776,-61.604171,,,,,,,,,,,,,,,,,,,,,,
GTM,Guatemala,Americas,15.783471,-90.230759,0.0,0.0,,,,,,,,0.0,0.0,0.0,0.0,0.0,0.01,0.01,0.04,0.05,0.0,0.09,0.4,
GIN,Guinea,Africa,9.945587,-9.696645,,,,,,,,,,,,,,,,,,,,,,
GNB,Guinea-Bissau,Africa,11.803749,-15.180413,,,,,,,,,,,,,,,,,,,,,,
GUY,Guyana,Americas,4.860416,-58.93018,,,,,,,,,,,,,,,,,,,,,,
HTI,Haiti,Americas,18.971187,-72.285215,,,,,,,,,,,,,,,,,,,,,,
VAT,Holy See,Europe,41.902916,12.453389,,,,,,,,,,,,,,,,,,,,,,
HND,Honduras,Americas,15.199999,-86.241905,,,,,,,,,,,,,,,,,,,,,,
HUN,Hungary,Europe,47.162494,19.503304,,,,,,,,,,,,,,,,0.25,0.25,0.33,,0.74,,
ISL,Iceland,Europe,64.963051,-19.020835,,,,,,,,,,,,,,,,,,,,,,
IND,India,Asia and Pacific,20.593684,78.96288,,,,,,,,,,,,,,,,,,,,,,
IDN,Indonesia,Asia and Pacific,-0.789275,113.921327,,,,,,,,,,,,,,,0.52,0.66,0.66,0.66,0.66,0.76,,
IRN,Iran (Islamic Republic of),Asia and Pacific,32.427908,53.688046,,,,,,,,,,,,,,,,,,,,,,
IRQ,Iraq,Arab States,33.223191,43.679291,,,,,,,,,,,,,,,,,,,,,,
IRL,Ireland,Europe,53.41291,-8.24389,,,,,,,,,,,0.0,0.25,,,,,,,,,,
ISR,Israel,Europe,31.046051,34.851612,,,,,,,,,,,,,,,,,,,,,,
ITA,Italy,Europe,41.87194,12.56738,,,,,,,,,,,,,,,,,,0.77,0.64,0.64,0.64,
JAM,Jamaica,Americas,18.109581,-77.297508,,,,,,,,,,,,,,,,,,,,,,
JPN,Japan,Asia and Pacific,36.204824,138.252924,,,,,,,,,,,0.5,0.5,,,1.0,1.0,,,,,,
JOR,Jordan,Arab States,30.585164,36.238414,,,,,,,,,,,,0.2,,,,,0.2,0.2,0.67,0.68,0.42,
KAZ,Kazakhstan,Europe,48.019573,66.923684,,,,,,,,,,,,,0.48,0.5,0.5,0.25,0.25,0.0,0.74,0.64,,
KEN,Kenya,Africa,-0.023559,37.906193,,,,,,,,,,,,,,,0.25,,,,0.15,,,
KIR,Kiribati,Asia and Pacific,-3.370417,-168.734039,,,,,,,,,,,,,,,,0.24,0.34,,,,,
KWT,Kuwait,Arab States,29.31166,47.481766,,,,,,,,,,,,,0.25,,,,,,,,,
KGZ,Kyrgyzstan,Europe,41.20438,74.766098,,,,,,,,,,,,,,,0.51,,,,,,,
LAO,Lao People's Democratic Republic (the),Asia and Pacific,19.85627,102.495496,,,,,,,,,,,,,,,,,,,,0.0,0.0,
LVA,Latvia,Europe,56.879635,24.603189,,,,,,,,,,,,,,,,,,,,,,
LBN,Lebanon,Arab States,33.854721,35.862285,,,,,,,,,,,,,0.2,,0.54,,,,,,,
LSO,Lesotho,Africa,-29.609988,28.233608,,,,,,,,,,,,,,,,,,,,,,
LBR,Liberia,Africa,6.428055,-9.429499,,,,,,,,,,,0.52,0.27,0.47,0.62,0.66,0.45,0.83,,,,,
LBY,Libya,Arab States,26.3351,17.228331,,,,,,,,,,,,,,,,,,,,,,
LIE,Liechtenstein,Europe,47.166,9.555373,,,,,,,,,,,,,,,,,,,,,,
LTU,Lithuania,Europe,55.169438,23.881275,,,,,,,,,,,,,,,,,0.45,,,,,
LUX,Luxembourg,Europe,49.815273,6.129583,,,,,,,,,,,,,,,,,,,,,,
MDG,Madagascar,Africa,-18.766947,46.869107,,,,,,,,,,,0.32,0.35,0.35,0.38,0.38,0.38,0.39,0.38,0.39,0.71,0.73,
MWI,Malawi,Africa,-13.254308,34.301525,,,,,,,,,,,,0.13,0.13,0.4,0.24,0.25,0.23,0.25,,,,
MYS,Malaysia,Asia and Pacific,4.210484,101.975766,0.25,0.0,0.0,0.0,0.0,0.0,0.0,0.0,0.0,0.0,0.13,0.13,0.18,0.18,0.2,0.23,0.23,0.23,,0.23,0.23,
MDV,Maldives,Asia and Pacific,3.202778,73.22068,,,,,,,,,,,,,,,,,,,,0.18,,
MLI,Mali,Africa,17.570692,-3.996166,,,,,,,,,,,,,,,,,,,,,,
MLT,Malta,Europe,35.937496,14.375416,,,,,,,,,,,,,,,,,,,,,,
MHL,Marshall Islands (the),Asia and Pacific,7.131474,171.184478,,,,,,,,,,,0.28,0.28,0.31,0.52,0.5,0.5,,,,,,0.63
MRT,Mauritania,Arab States,21.00789,-10.940835,,,,,,,,,,,,,,,,,,,,,,
MUS,Mauritius,Africa,-20.348404,57.552152,,,,,,,,,,,0.25,0.25,0.25,0.25,0.25,0.25,0.5,0.25,0.02,0.02,0.02,
MEX,Mexico,Americas,23.634501,-102.552784,,,,,,,,,,,0.97,0.97,0.99,0.45,0.72,0.64,0.64,0.69,0.66,0.66,0.19,
FSM,Micronesia (Federated States of),Asia and Pacific,7.425554,150.550812,,,,,,,,,,,,,,,,0.33,0.36,,,,,
MCO,Monaco,Europe,43.750298,7.412841,,,,,,,,,,,,,,0.75,,,,,,0.5,0.25,
MNG,Mongolia,Asia and Pacific,46.862496,103.846656,,,,,,,,,,,0.0,0.0,0.25,0.15,0.08,0.13,0.13,,,,,
MNE,Montenegro,Europe,42.708678,19.37439,,,,,,,,,,,,,,,,,,,,,,
MAR,Morocco,Arab States,31.791702,-7.09262,,,,,,,,,,,,,,,,,,,,,0.0,
MOZ,Mozambique,Africa,-18.665695,35.529562,,,,,,,,,,,,,,,,,,,,0.19,0.2,0.43
MMR,Myanmar,Asia and Pacific,21.913965,95.956223,0.19,,0.17,0.19,0.41,0.29,0.29,0.27,0.29,0.5,0.5,0.51,0.51,0.42,,,,0.0,0.25,0.66,,
NAM,Namibia,Africa,-22.95764,18.49041,,,,,,,,,,,0.23,0.2,,,,,,,,0.68,0.92,
NRU,Nauru,Asia and Pacific,-0.522778,166.931503,,,,,,,,,,,,,,,,0.42,0.6,0.84,,,,
NPL,Nepal,Asia and Pacific,28.394857,84.124008,,,,,,,,,,,0.23,0.13,0.16,0.15,0.24,,,,,,,
NLD,Netherlands (the),Europe,52.132633,5.291266,,,,,,,,,,,,,,0.0,,,,,,,,
NZL,New Zealand,Asia and Pacific,-40.900557,174.885971,,,,,,,,,,,0.76,0.77,0.81,0.81,0.56,0.56,0.56,0.55,0.55,0.55,0.61,
NIC,Nicaragua,Americas,12.865416,-85.207229,,,,,,,,,,,,,,,,,,,,,,
NER,Niger (the),Africa,17.607789,8.081666,,,,,,,,,,,0.25,0.25,0.25,0.25,,,,,,,,
NGA,Nigeria,Africa,9.081999,8.675277,,,,,,,,,,,,,,,,,,,,,,
MKD,North Macedonia,Europe,41.608635,21.745275,,,,,,,,,,,,,,,,,,,,,,
NOR,Norway,Europe,60.472024,8.468946,,,,,,,,,,,,,,,,,,,,,,
OMN,Oman,Arab States,21.512583,55.923255,,,,,,,,,,,,,,,,,,,0.99,1.0,0.99,
PAK,Pakistan,Asia and Pacific,30.375321,69.345116,,,,,,,,,,,,,,,,,,,,,,
PLW,Palau,Asia and Pacific,7.51498,134.58252,,,,,,,,,,,,,,,,,0.86,,,,,
PSE,Palestine,Arab States,31.952162,35.233154,,,,,,,,,,,0.25,0.0,0.0,0.0,,,,,,,,
PAN,Panama,Americas,8.537981,-80.782127,,,,,,,,,,,,,,,,,,,,,,
PNG,Papua New Guinea,Asia and Pacific,-6.314993,143.95555,,,,,,,,,,,,,,,,,,,,,,
PRY,Paraguay,Americas,-23.442503,-58.443832,,,,,,,,,,,,,,,,,,,,,,
PER,Peru,Americas,-9.189967,-75.015152,,,,,,,,,,,,,,,,,,,,,,
PHL,Philippines (the),Asia and Pacific,12.879721,121.774017,,,,,,,,,,,,,,,,,0.9,0.9,0.9,0.9,0.89,
POL,Poland,Europe,51.919438,19.145136,,,,,,,,,,,,,,,,,,,,,,
PRT,Portugal,Europe,39.399872,-8.224454,,,,,,,,,,,0.61,0.64,0.65,0.72,0.82,0.87,0.88,0.89,0.89,0.91,0.91,
QAT,Qatar,Arab States,25.354826,51.183884,1.0,1.0,1.0,1.0,1.0,1.0,1.0,1.0,1.0,1.0,1.0,1.0,1.0,1.0,1.0,1.0,1.0,1.0,1.0,1.0,0.67,
KOR,Republic of Korea (the),Asia and Pacific,35.907757,127.766922,,,,,,,,,,,0.95,0.98,0.98,0.73,,0.75,1.0,,,,,
MDA,Republic of Moldova (the),Europe,47.411631,28.369885,,,,,,,,,,,,,,,,,,,,0.01,0.25,
ROU,Romania,Europe,45.943161,24.96676,0.55,0.55,0.55,0.55,0.55,0.55,0.55,0.55,0.55,0.55,0.55,0.55,0.55,0.55,0.7,0.95,0.68,0.68,0.68,0.68,0.68,
RUS,Russian Federation (the),Europe,61.52401,105.318756,,,,,,,,,,0.23,0.0,0.25,0.23,0.5,0.5,0.5,0.5,0.25,0.25,0.5,0.47,
RWA,Rwanda,Africa,-1.940278,29.873888,,,,,,,,,,,,,,,,,,0.18,0.18,0.75,0.25,
KNA,Saint Kitts and Nevis,Americas,17.357822,-62.782998,,,,,,,,,,,,,,,,,,,,,0.63,
LCA,Saint Lucia,Americas,13.909444,-60.978893,,,,,,,,,,,,,,,,,,,,,,
VCT,Saint Vincent and the Grenadines,Americas,12.984305,-61.287228,,,,,,,,,,,,,,,,,,,,,,
WSM,Samoa,Asia and Pacific,-13.759029,-172.104629,,,,,,,,,,,,,,,,,0.31,0.41,,,,
SMR,San Marino,Europe,43.94236,12.457777,,,,,,,,,,,,,,,,,,,,,,
STP,Sao Tome and Principe,Africa,0.18636,6.613081,,,,,,,,,,,,,,,,,,,,,,
SAU,Saudi Arabia,Arab States,23.885942,45.079162,,,,,,,,,,,,,,,,,,,,,,
SEN,Senegal,Africa,14.497401,-14.452362,,,,,,,,,,,,,,,,,,,,0.0,,
SRB,Serbia,Europe,44.016521,21.005859,,,,,,,,,,,,,,,,,,,,,,
SYC,Seychelles,Africa,-4.679574,55.491977,,,,,,,,,,,,,,,,,,,0.6,0.41,,
SLE,Sierra Leone,Africa,8.460555,-11.779889,,,,,,,,,,,,,,,,,,,,,,
SGP,Singapore,Asia and Pacific,1.352083,103.819836,,,,,,,,,,,,,,,,,,,,,,
SVK,Slovakia,Europe,48.669026,19.699024,,,,,,,,,,,,,,,,,,,,,,
SVN,Slovenia,Europe,46.151241,14.995463,,,,,,,,,,,,,,,,,0.93,0.91,0.66,0.66,0.66,
SLB,Solomon Islands,Asia and Pacific,-9.64571,160.156194,,,,,,,,,,0.0,0.13,0.13,0.25,0.13,0.34,0.35,,,,,,
SOM,Somalia,Arab States,5.152149,46.199616,,,,,,,,,,,,,0.05,,,,,,,,,
ZAF,South Africa,Africa,-30.559482,22.937506,,,,,,,,,,,,,,,,,,0.3,0.38,0.45,0.45,
SSD,South Sudan,Africa,6.90173,30.687009,,,,,,,,,,,,,,,,,,,,,,
ESP,Spain,Europe,40.463667,-3.74922,,,,,,,,,,,,,,,,,,,,,,
LKA,Sri Lanka,Asia and Pacific,7.873054,80.771797,,,,,,,,,,,,,,,,,,0.33,0.43,,,
SDN,Sudan (the),Arab States,12.862807,30.217636,,,,,,,,,,,,,,,,,,,,,,
SUR,Suriname,Americas,3.919305,-56.027783,,,,,,,,,,,,,,,,,,,,,,
SWE,Sweden,Europe,60.128161,18.643501,,,,,,,,,,,,,,,,,,0.0,,,,
CHE,Switzerland,Europe,46.818188,8.227512,,,,,,,,,,,,,0.87,0.87,0.87,0.87,0.87,0.88,0.89,0.91,0.91,
SYR,Syrian Arab Republic,Arab States,34.802075,38.996815,,,,,,,,,,,,,,,,,,,,0.03,,0.05
TJK,Tajikistan,Europe,38.861034,71.276093,,,,,,,,,,,0.19,0.3,0.19,0.18,0.2,,,,,,,
THA,Thailand,Asia and Pacific,15.870032,100.992541,,,,,,,,,,,,,,,,,,,,,,
TLS,Timor-Leste,Asia and Pacific,-8.874217,125.727539,,,,,,,,,,,,,,,,,,,,,,
TGO,Togo,Africa,8.619543,0.824782,,,,,,,,,,,,0.13,0.2,0.2,0.18,0.2,,,,0.2,,
TON,Tonga,Asia and Pacific,-21.178986,-175.198242,,,,,,,,,,,,,,,,,,,,,,
TTO,Trinidad and Tobago,Americas,10.691803,-61.222503,,,,,,,,,,,,,,,,,,,,0.32,,
TUN,Tunisia,Arab States,33.886917,9.537499,,,,,,,,,,,,,,,,,,,,,0.45,
TKM,Turkmenistan,Europe,38.969719,59.556278,,,,,,,,,,,,,,,,,,,,,,
TUV,Tuvalu,Asia and Pacific,-7.109535,177.64933,,,,,,,,,,,,,,,,0.51,0.5,0.92,,,,
TUR,Türkiye,Europe,38.963745,35.243322,,,,,,,,,,,,,,,,,,,,,,
UGA,Uganda,Africa,1.373333,32.290275,,,,,,,,,,,,,,,,,,0.73,,,,
UKR,Ukraine,Europe,48.379433,31.16558,,,,,,,,,,,0.43,0.66,0.66,0.66,0.18,0.71,0.71,0.71,0.65,,,
ARE,United Arab Emirates (the),Arab States,23.424076,53.847818,,,,,,,,,,,,,,,,,,,,,,
GBR,United Kingdom of Great Britain and Northern Ireland (the),Europe,55.378051,-3.435973,,,,,,,,,,,,,,,0.49,,,,,,,
TZA,United Republic of Tanzania (the),Africa,-6.369028,34.888822,,,,,,,,,,,0.36,0.36,0.4,0.47,,,,,,,,
USA,United States of America (the),Americas,37.09024,-95.712891,,,,,,,,,,,0.97,0.97,0.97,0.97,0.98,0.98,0.98,,,,,
URY,Uruguay,Americas,-32.522779,-55.765835,,,,,,,,,,,,,,,0.0,0.0,,,,,,
UZB,Uzbekistan,Europe,41.377491,64.585262,,,,,,,,,,,,,,,0.5,0.25,0.25,,,,,
VUT,Vanuatu,Asia and Pacific,-15.376706,166.959158,,,,,,,,,,,,,,,,0.72,0.51,,,,,
VEN,Venezuela (Bolivarian Republic of),Americas,6.42375,-66.58973,,,,,,,,,,,,,,,,,,,,,,
VNM,Viet Nam,Asia and Pacific,14.058324,108.277199,,,,,,,,,,,,,,,,,,,,,,
YEM,Yemen,Arab States,15.552727,48.516388,,,,,,,,,,,,,,,,,,,,,,
ZMB,Zambia,Africa,-13.133897,27.849332,,,,,,,,,,,,,,,,,,0.71,0.42,0.69,0.47,
ZWE,Zimbabwe,Africa,-19.015438,29.154857,,,,,,,,,,,,,,,,0.2,0.2,0.2,,0.2,,
