country,rank_2024,rank_1995_2024,rank_2023,rank_1994_2023
Albania,141,68,54,64
Algeria,92,110,73,107
Angola,71,90,52,94
Antigua and Barbuda,138,72,174,70
Argentina,40,99,27,99
Armenia,57,128,90,126
Australia,55,69,99,65
Austria,93,100,68,96
Azerbaijan,129,119,174,117
Bangladesh,13,13,21,13
Barbados,86,157,110,156
Belarus,159,141,116,138
Belgium,142,55,49,52
Belize,95,38,174,36
Benin,90,124,174,120
Bhutan,110,137,174,132
Bolivia,41,44,34,40
Bosnia and Herzegovina,32,101,91,101
Botswana,77,130,81,128
Brazil,12,40,15,44
Bulgaria,170,56,24,54
Burkina Faso,99,98,174,91
Burundi,63,103,82,100
Cambodia,167,43,102,37
Cameroon,61,121,63,123
Canada,49,106,29,104
Cape Verde,166,139,174,135
Central African Republic,35,115,101,158
Chad,3,62,174,98
Chile,16,87,18,93
China,30,11,14,10
Chinese Taipei,48,70,58,67
Colombia,26,54,74,53
Comoros,76,132,174,129
Costa Rica,31,78,174,81
Côte d‘Ivoire,98,169,174,168
Croatia,123,67,26,61
Cyprus,101,143,62,143
Czech Republic,22,57,85,58
Democratic Republic of Congo,43,75,17,75
Democratic Republic of Timor-Leste,171,127,174,125
Denmark,135,150,89,148
Djibouti,133,148,174,147
Dominica,152,1,174,1
Dominican Republic,83,37,20,34
Ecuador,33,92,19,92
Egypt,132,154,174,152
El Salvador,72,36,111,35
Estonia,122,131,72,127
Eswatini,140,134,174,130
Ethiopia,62,47,43,46
Fiji,163,30,57,29
Finland,125,172,95,172
France,97,12,8,11
Gabon,85,167,103,167
Georgia,124,109,41,106
Germany,50,29,50,30
Ghana,113,113,83,111
Greece,65,28,4,27
Grenada,2,6,174,12
Guatemala,60,17,28,17
Guinea,73,164,79,165
Guinea-Bissau,160,165,174,164
Guyana,157,73,174,69
Haiti,58,5,9,5
Honduras,75,3,71,3
Hungary,134,77,88,74
India,15,9,10,8
Indonesia,27,48,38,47
Iraq,91,118,120,116
Ireland,148,152,108,150
Islamic Republic of Afghanistan,14,19,47,22
Islamic Republic of Iran,69,46,109,45
Israel,128,114,174,112
Italy,104,16,3,16
Jamaica,11,84,174,95
Japan,34,71,100,68
Jordan,165,147,113,145
Kazakhstan,80,122,112,121
Kenya,45,39,40,42
Kiribati,136,161,174,161
"Korea, Republic of",46,91,84,85
Kuwait,158,174,174,173
Kyrgyz Republic,70,117,174,115
Lao People‘s Democratic Republic,24,66,25,66
Latvia,161,151,65,149
Lebanon,64,159,56,159
Lesotho,149,156,48,155
Liberia,78,168,174,169
Libya,88,4,1,4
Lithuania,172,146,66,144
Luxembourg,150,126,92,124
Madagascar,29,42,23,39
Malawi,8,25,2,26
Malaysia,112,86,77,83
Maldives,144,171,174,171
Mali,18,89,174,154
Malta,146,170,64,170
Marshall Islands,68,135,174,134
Mauritania,114,112,97,109
Mauritius,67,129,96,137
Mexico,28,51,12,50
Micronesia,151,58,51,55
Moldova,156,88,118,84
Mongolia,130,33,39,31
Montenegro,120,163,86,163
Morocco,96,83,174,80
Mozambique,53,23,31,23
Myanmar,9,2,6,2
Namibia,66,64,105,63
Nepal,6,26,98,28
Netherlands,81,74,94,71
New Zealand,102,142,16,139
Nicaragua,109,8,174,7
Niger,5,50,55,57
Nigeria,19,61,70,62
North Macedonia,154,97,174,90
Norway,145,155,114,153
Oman,74,125,174,122
Pakistan,47,15,59,15
Panama,44,120,174,118
Papua New Guinea,4,63,174,77
Paraguay,169,102,67,97
Peru,54,31,13,32
Philippines,7,7,11,6
Poland,42,81,93,78
Portugal,39,27,33,25
Puerto Rico,127,32,174,33
Qatar,117,166,174,166
Republic of Congo,131,136,35,131
Romania,84,49,45,48
Russia,51,21,32,19
Rwanda,105,95,46,89
Samoa,137,123,174,119
Saudi Arabia,36,133,174,142
Senegal,87,108,174,105
Serbia,173,80,30,76
Seychelles,115,138,174,133
Sierra Leone,89,93,115,87
Slovak Republic,82,111,78,108
Slovenia,162,45,5,43
Solomon Islands,111,96,76,88
South Africa,37,53,87,51
Spain,20,24,7,24
Sri Lanka,52,41,60,41
St. Kitts and Nevis,121,60,174,59
St. Lucia,119,94,174,86
St. Vincent and the Grenadines,1,35,107,73
Sudan,59,59,174,56
Suriname,126,145,174,141
Sweden,168,153,119,151
Switzerland,108,105,36,102
Tajikistan,107,52,117,49
Tanzania,23,82,37,113
Thailand,17,22,69,21
The Bahamas,118,10,174,9
The Gambia,174,158,174,157
Togo,94,162,174,162
Tonga,164,76,174,72
Trinidad and Tobago,116,144,174,140
Tunisia,155,149,174,146
Turkey,100,107,42,103
Tuvalu,139,160,174,160
Uganda,56,79,106,79
Ukraine,143,85,104,82
United Arab Emirates,103,173,174,174
United Kingdom,106,65,75,60
United States of America,21,18,22,20
Uruguay,79,116,53,114
Uzbekistan,147,140,174,136
Vanuatu,153,20,44,18
Vietnam,10,14,61,14
Zambia,38,104,80,110
Zimbabwe,25,34,121,38
