rank_row,country,population_k,exposed_k,exposed_pct
1,Afghanistan,30296,4501,14.9
2,Albania,2797,771,27.6
3,Algeria,44084,4875,11.1
4,Andorra,113,28,25.0
5,Angola,36246,3732,10.3
6,Antigua and Barbuda,93,9,9.9
7,Argentina,44827,7215,16.1
8,Armenia,2773,406,14.6
9,Australia,20804,1654,7.9
10,Austria,8761,2437,27.8
11,Azerbaijan,8646,1520,17.6
12,Bahamas,385,81,21.1
13,Bangladesh,164109,94424,57.5
14,Barbados,284,20,6.9
15,Belarus,9157,882,9.6
16,Belgium,11580,2070,17.9
17,Belize,414,88,21.4
18,Benin,12990,1950,15.0
19,Bhutan,813,63,7.7
20,Bolivia,11832,1875,15.8
21,Bosnia and Herzegovina,3324,635,19.1
22,Botswana,2401,294,12.2
23,Brazil,216999,25408,11.7
24,Brunei Darussalam,453,115,25.4
25,Bulgaria,6892,1184,17.2
26,Burkina Faso,22781,3289,14.4
27,Burundi,11346,1252,11.0
28,Cabo Verde,508,27,5.3
29,Cambodia,19523,7431,38.1
30,Cameroon,28043,5348,19.1
31,Canada,36782,3450,9.4
32,Cayman Islands,73,12,16.3
33,Central African Republic,5347,1036,19.4
34,Chad,16589,4547,27.4
35,Chile,20672,3484,16.9
36,China,1437455,394826,27.5
37,Colombia,63257,14507,22.9
38,Comoros,846,74,8.7
39,Congo Republic,3997,1170,29.3
40,Costa Rica,4817,948,19.7
41,Cote d'Ivoire,26537,3484,13.1
42,Croatia,4061,1094,26.9
43,Cuba,11114,2026,18.2
44,Cyprus,1286,145,11.3
45,Czech Republic,10816,1500,13.9
46,DR Congo,114168,15797,13.8
47,Denmark,5888,541,9.2
48,Djibouti,1153,73,6.3
49,Dominica,69,6,9.0
50,Dominican Republic,12045,1784,14.8
51,Ecuador,17617,3726,21.1
52,Egypt,96019,38871,40.5
53,El Salvador,6739,1132,16.8
54,Equatorial Guinea,1295,211,16.3
55,Eritrea,4163,391,9.4
56,Estonia,1391,99,7.1
57,Eswatini,1096,99,9.0
58,Ethiopia,103809,11586,11.2
59,Faeroe Islands,51,3,6.3
60,Fiji,699,162,23.1
61,Finland,5606,612,10.9
62,France,67353,11632,17.3
63,Gabon,2972,579,19.5
64,Gambia,2395,370,15.4
65,Georgia,3728,695,18.6
66,Germany,78292,13670,17.5
67,Ghana,32954,4716,14.3
68,Greece,10221,1314,12.9
69,Grenada,99,9,8.8
70,Guam,164,15,9.5
71,Guatemala,18257,2421,13.3
72,Guinea,12167,2306,19.0
73,Guinea-Bissau,1763,301,17.1
74,Guyana,728,276,37.9
75,Haiti,14625,2553,17.5
76,Honduras,9449,1801,19.1
77,Hong Kong,6032,720,11.9
78,Hungary,9344,1489,15.9
79,Iceland,360,53,14.9
80,India,1405691,389816,27.7
81,Indonesia,280224,75696,27.0
82,Iran,80139,11738,14.6
83,Iraq,44427,16350,36.8
84,Ireland,5482,738,13.5
85,Israel,8557,639,7.5
86,Italy,61665,8504,13.8
87,Jamaica,2721,395,14.5
88,Japan,125792,36060,28.7
89,Jordan,7138,455,6.4
90,Kazakhstan,18074,3144,17.4
91,Kenya,55137,6566,11.9
92,Kuwait,3522,301,8.5
93,Kyrgyz Republic,5659,907,16.0
94,Laos,7527,2985,39.7
95,Latvia,2456,554,22.6
96,Lebanon,9337,872,9.3
97,Lesotho,1885,151,8.0
98,Liberia,4543,1197,26.4
99,Libya,6921,701,10.1
100,Lithuania,2748,333,12.1
101,Luxembourg,590,69,11.7
102,Macedonia,2097,397,18.9
103,Madagascar,27625,5379,19.5
104,Malawi,18470,3057,16.5
105,Malaysia,34193,8194,24.0
106,Mali,23243,5129,22.1
107,Malta,424,22,5.2
108,Mauritania,4448,579,13.0
109,Mauritius,1277,169,13.2
110,Mexico,140328,24089,17.2
111,Micronesia,59,2,3.6
112,Moldova,3673,496,13.5
113,Monaco,0,0,0.0
114,Mongolia,3159,458,14.5
115,Montenegro,603,110,18.3
116,Morocco,35638,3924,11.0
117,Mozambique,30851,5002,16.2
118,Myanmar,47823,19104,39.9
119,Namibia,2438,423,17.3
120,Nepal,40735,11993,29.4
121,Netherlands,17196,10100,58.7
122,New Caledonia,270,46,17.0
123,New Zealand,4393,623,14.2
124,Nicaragua,6881,1147,16.7
125,Niger,23865,3350,14.0
126,Nigeria,216151,38994,18.0
127,North Korea,23224,5735,24.7
128,Norway,5223,456,8.7
129,Oman,3587,184,5.1
130,Pakistan,230904,71786,31.1
131,Palau,25,2,6.1
132,Panama,4058,625,15.4
133,Papua New Guinea,9145,1374,15.0
134,Paraguay,7485,983,13.1
135,Peru,35696,3396,9.5
136,Philippines,105153,30483,29.0
137,Poland,39207,5280,13.5
138,Portugal,10118,440,4.4
139,Puerto Rico,3659,429,11.7
140,Romania,33822,6548,19.4
141,Russia,142717,18394,12.9
142,Rwanda,13488,1284,9.5
143,San Marino,32,2,6.5
144,Sao Tome and Principe,208,26,12.4
145,Saudi Arabia,36811,2437,6.6
146,Senegal,16174,2376,14.7
147,Serbia,6977,1404,20.1
148,Sierra Leone,6782,1296,19.1
149,Singapore,4439,577,13.0
150,Slovakia,5440,1401,25.7
151,Slovenia,2180,472,21.7
152,Solomon Islands,585,117,20.1
153,Somalia,11002,1831,16.6
154,South Africa,59943,3663,6.1
155,South Korea,50972,10351,20.3
156,South Sudan,16743,5437,32.5
157,Spain,51999,5859,11.3
158,Sri Lanka,21387,4140,19.4
159,St. Lucia,169,17,10.3
160,Sudan,42574,8778,20.6
161,Suriname,619,233,37.7
162,Sweden,10064,978,9.7
163,Switzerland,8693,1660,19.1
164,Syria,26550,3548,13.4
165,Tajikistan,9381,1671,17.8
166,Tanzania,54708,7982,14.6
167,Thailand,74946,25431,33.9
168,Timor-Leste,1322,317,24.0
169,Togo,8631,1349,15.6
170,Tonga,100,11,11.4
171,Trinidad and Tobago,1377,291,21.1
172,Tunisia,11707,1334,11.4
173,Turkey,79087,11269,14.2
174,Turkmenistan,9850,2419,24.6
175,Turks and Caicos Islands,43,4,9.1
176,Uganda,42049,5438,12.9
177,Ukraine,43674,5407,12.4
178,United Arab Emirates,8967,638,7.1
179,United Kingdom,66928,7390,11.0
180,United States,340766,42590,12.5
181,Uruguay,3357,226,6.7
182,Uzbekistan,33668,6715,19.9
183,Vanuatu,272,30,11.1
184,Venezuela,31718,5843,18.4
185,Vietnam,98839,45504,46.0
186,Yemen,30183,2388,7.9
187,Zambia,18684,2611,14.0
188,Zimbabwe,14360,1426,9.9
