year,all_in_operation,weather_in_operation
1959,1,0
1960,3,2
1961,3,2
1962,5,4
1963,5,4
1964,4,3
1965,6,4
1966,11,8
1967,17,11
1968,16,10
1969,16,10
1970,21,15
1971,19,13
1972,19,12
1973,15,9
1974,20,12
1975,27,17
1976,28,17
1977,30,19
1978,34,20
1979,31,20
1980,29,18
1981,31,19
1982,31,20
1983,30,21
1984,30,21
1985,34,23
1986,35,22
1987,37,23
1988,42,25
1989,42,25
1990,43,26
1991,47,27
1992,48,24
1993,52,27
1994,54,26
1995,62,27
1996,61,23
1997,65,26
1998,67,24
1999,79,25
2000,88,28
2001,91,27
2002,100,30
2003,109,30
2004,110,30
2005,110,28
2006,119,33
2007,126,30
2008,136,29
2009,147,32
2010,153,33
2011,159,35
2012,170,36
2013,184,36
2014,196,38
2015,206,38
2016,233,38
2017,247,37
2018,288,38
2019,308,40
2020,322,39
2021,334,40
2022,364,40
2023,381,44
2024,408,47
2025,439,47
2026,464,45
